Time (s);FP1;AF3;F7;F3;FC1;FC5;T7;C3;CP1;CP5;P7;P3;Pz;PO3;O1;Oz;O2;PO4;P4;P8;CP6;CP2;C4;T8;FC6;FC2;F4;F8;AF4;FP2;Fz;Cz;Sampling Rate
0.0000000000e+000;5.0973507513e-003;1.6923178283e-002;4.2797317528e-003;8.8209990687e-003;5.5681744899e-003;4.5448669948e-003;1.3648899584e-002;8.1440785218e-003;4.7679821579e-003;4.6901689738e-003;9.3849611696e-003;9.9782183479e-003;4.5880857157e-003;8.0552367727e-003;5.0187861877e-003;3.9952104701e-003;7.6545295709e-003;5.8342688374e-003;9.0351223793e-003;1.0196356287e-002;7.6472189392e-003;7.6136238002e-003;4.6985184352e-003;6.4278970310e-003;6.6840026776e-003;7.7730711271e-003;2.8937894390e-003;1.2061052556e-002;4.1105292166e-003;4.8817886929e-003;6.6673417122e-003;5.6388282264e-003;1
9.9609375000e-002;4.3363320795e-003;1.4920530152e-002;2.9543173710e-003;7.1631369822e-003;5.4132935867e-003;4.3497310203e-003;1.1987660071e-002;7.8142818279e-003;4.5947011268e-003;2.5902942984e-003;7.5623510141e-003;8.8877711636e-003;4.3440947852e-003;3.8414574211e-003;4.9223366019e-003;3.5831489464e-003;6.3255322576e-003;5.6280999449e-003;8.0366015684e-003;8.5433239845e-003;7.2317829546e-003;6.2529317963e-003;4.2747656108e-003;6.6754809334e-003;6.2902628001e-003;7.1415346726e-003;2.5520831798e-003;1.0641926748e-002;3.2945098601e-003;4.1494293846e-003;5.9926261774e-003;4.7197797805e-003;
1.9921875000e-001;4.6412810594e-003;1.4748430716e-002;2.9421936307e-003;7.4288687830e-003;5.2859298589e-003;4.1815140555e-003;1.1086486809e-002;7.6347943294e-003;4.5242649875e-003;2.6874433251e-003;8.3559809259e-003;9.0764795741e-003;4.3867249908e-003;4.4582060283e-003;4.6016314535e-003;3.8065331311e-003;6.1151844005e-003;6.0083841813e-003;8.3610395620e-003;8.1493169095e-003;7.3353112352e-003;6.8048050082e-003;4.3145440601e-003;6.6123537435e-003;6.2878638694e-003;6.8320252891e-003;2.7031454364e-003;9.7963422516e-003;3.6466679960e-003;3.9617255901e-003;7.0541609210e-003;4.6811849421e-003;
2.9882812500e-001;4.8138497867e-003;1.4440861999e-002;2.9108714362e-003;6.6119425678e-003;4.4666438504e-003;3.8284680121e-003;9.0785363220e-003;7.4738670095e-003;4.4502442547e-003;2.7563802452e-003;6.5438778949e-003;7.9635465783e-003;4.6891451263e-003;4.2804265648e-003;3.9478224807e-003;3.5763560920e-003;5.5949099568e-003;5.9609997257e-003;8.1893972837e-003;7.9369306952e-003;7.2925629179e-003;4.9164749370e-003;4.1708997845e-003;6.8495538322e-003;6.2291345704e-003;5.7573139399e-003;2.7777419495e-003;9.2770515223e-003;3.2992531204e-003;4.3339671618e-003;5.3506436974e-003;4.2249290147e-003;
3.9843750000e-001;4.8038334184e-003;1.2907470505e-002;2.7347723583e-003;5.4106997500e-003;3.5484471324e-003;3.0382375508e-003;5.8886116837e-003;7.1192477887e-003;3.3304640397e-003;2.5300192893e-003;6.1805349846e-003;3.8691354623e-003;5.0243868001e-003;3.1531188461e-003;2.8780061084e-003;2.9038379937e-003;4.2191296330e-003;6.3111108920e-003;7.2315850296e-003;6.8871620652e-003;5.2856230215e-003;4.5452871526e-003;4.1179152038e-003;6.8048552075e-003;5.8437371709e-003;4.3605256379e-003;2.7019034827e-003;6.9159270643e-003;3.2870909686e-003;3.9277491355e-003;5.5232798342e-003;3.7350548475e-003;
4.9804687500e-001;5.1375168447e-003;1.2422143634e-002;2.8699601930e-003;5.3078691161e-003;3.6597807679e-003;3.0810466854e-003;4.9823056684e-003;7.4225053970e-003;2.8734929325e-003;2.5555432995e-003;7.0351207788e-003;3.5160807375e-003;5.0984506206e-003;3.0074988906e-003;3.2424561657e-003;3.0688370872e-003;4.7453131116e-003;6.6144984927e-003;7.9808365657e-003;7.4536293969e-003;4.8116207395e-003;4.8255343510e-003;4.1693980329e-003;6.2496919533e-003;5.7595101120e-003;4.5872116627e-003;2.8248007025e-003;6.7402016817e-003;3.2765563667e-003;3.9962865483e-003;6.3667648687e-003;3.7601726539e-003;
5.9765625000e-001;4.8350161104e-003;1.2445976875e-002;3.3572507229e-003;5.3986966235e-003;3.3134761146e-003;3.0033143542e-003;4.8575558324e-003;7.1291337823e-003;3.0197838597e-003;2.4732395750e-003;5.8805373742e-003;3.4206562092e-003;5.2476517354e-003;3.2728848893e-003;3.0464029994e-003;2.8676494136e-003;4.3736434925e-003;6.2844499331e-003;6.6135370614e-003;6.0603865785e-003;5.0204789441e-003;5.0687986605e-003;4.6908982840e-003;5.7246790284e-003;5.7776170187e-003;4.6967134901e-003;2.7472402896e-003;6.3950532230e-003;3.2162872012e-003;4.0634785095e-003;5.8485358676e-003;4.0307337170e-003;
6.9726562500e-001;5.1294306792e-003;1.2653510312e-002;3.7086353325e-003;5.2439235110e-003;3.6312595371e-003;3.3662949403e-003;5.0564678021e-003;6.8032167562e-003;3.1331204300e-003;2.4221619053e-003;5.9501854421e-003;3.7574058475e-003;5.0117784548e-003;2.8570949368e-003;3.5500663601e-003;3.1891732757e-003;4.8367917325e-003;6.4212526948e-003;6.4065899094e-003;6.9138481637e-003;5.1437420479e-003;5.0678069606e-003;4.7262499546e-003;5.3889133331e-003;5.6621206876e-003;5.0438480281e-003;2.7816048382e-003;6.0317884549e-003;3.3422777445e-003;3.8111179078e-003;6.1333731780e-003;4.0120349199e-003;
7.9687500000e-001;4.7404222988e-003;1.2658987926e-002;2.3725449603e-003;5.9198553214e-003;3.7577749247e-003;2.9533462389e-003;5.5081292674e-003;6.7751427251e-003;3.2985734009e-003;2.1697557043e-003;5.6565621818e-003;3.9582625689e-003;5.2609868445e-003;2.6132259336e-003;3.7677919448e-003;2.4989801479e-003;4.8612894034e-003;6.6159870382e-003;6.6524730202e-003;5.8715506520e-003;5.3119747087e-003;5.0236543252e-003;4.2409938207e-003;4.8737450296e-003;5.6503351595e-003;5.0453277562e-003;3.2125716828e-003;6.1709845696e-003;3.1487982295e-003;3.7791173214e-003;6.1560279373e-003;4.3732835035e-003;
8.9648437500e-001;4.3161647898e-003;1.2621705072e-002;2.4285413371e-003;5.0428937549e-003;3.6609085924e-003;3.4233498797e-003;5.6386396879e-003;7.1527443647e-003;3.4819735165e-003;2.3254347511e-003;5.6004627696e-003;3.8381519892e-003;5.5041322816e-003;2.5138623922e-003;3.9309593316e-003;2.7186114588e-003;4.8604670449e-003;6.5418897663e-003;7.2011291613e-003;5.8552408954e-003;5.7231455574e-003;5.8513263031e-003;3.9914640543e-003;5.1493668114e-003;5.6516163051e-003;5.5056274852e-003;3.3826383130e-003;5.6653185569e-003;2.8689983569e-003;4.3988041787e-003;6.8424960990e-003;4.7651869970e-003;
9.9609375000e-001;4.2048337991e-003;1.3216962542e-002;2.5694879844e-003;4.9661652602e-003;3.8910978872e-003;3.4371267508e-003;5.5388986145e-003;7.2649800485e-003;3.4463347388e-003;2.4977547868e-003;6.4759814880e-003;4.2600178990e-003;5.8917804466e-003;2.7463025722e-003;3.8258533466e-003;3.0151217269e-003;4.9213391041e-003;6.5004015151e-003;5.8980700035e-003;5.9049368756e-003;5.9506694878e-003;5.1606489852e-003;4.6906637289e-003;4.9588870184e-003;5.7771804305e-003;5.3979003956e-003;2.3315136569e-003;5.7509754140e-003;3.0370766575e-003;4.3692053844e-003;6.5566769903e-003;4.3066247184e-003;
1.0957031250e+000;4.3505782444e-003;1.3463607119e-002;2.9934197109e-003;4.9177279052e-003;4.1118706236e-003;3.5652387021e-003;5.8542532358e-003;6.9436511750e-003;3.6038033100e-003;3.0339911679e-003;5.7647283991e-003;4.7195749788e-003;5.9481796535e-003;2.8486933143e-003;3.7532998277e-003;2.9354204226e-003;4.8554079345e-003;6.2790676599e-003;5.9253518315e-003;6.2424327836e-003;5.9132746763e-003;4.4527867081e-003;4.4125894528e-003;5.1793655684e-003;6.1535520872e-003;5.3343450632e-003;2.4746515521e-003;5.8927451036e-003;2.9888633540e-003;4.6369594490e-003;6.9791083027e-003;4.4283388818e-003;
1.1953125000e+000;4.3882980872e-003;1.3488849205e-002;2.5888318839e-003;4.9280107795e-003;3.9809102087e-003;3.8090185028e-003;5.3587849687e-003;7.0878894673e-003;3.7264154533e-003;2.5678792026e-003;5.6247400448e-003;4.8019491459e-003;5.9926689781e-003;2.5318423772e-003;3.6697785988e-003;2.8129322314e-003;4.7715964159e-003;6.5530383105e-003;5.8797992806e-003;5.5328032851e-003;5.8284814490e-003;5.1241443933e-003;4.3163025061e-003;5.6713293272e-003;6.0644190415e-003;4.8049081959e-003;2.2568138083e-003;5.8515584081e-003;3.0616020794e-003;4.6143018978e-003;7.4498559557e-003;4.8278523483e-003;
1.2949218750e+000;4.4961067762e-003;1.3577173853e-002;2.7446748414e-003;4.6818051931e-003;3.9224575761e-003;3.5809759107e-003;5.2744072292e-003;7.2980906806e-003;3.8646587786e-003;2.2341790246e-003;5.6267950844e-003;4.8877347076e-003;6.0051612269e-003;2.7029848111e-003;3.7070252782e-003;2.7982693978e-003;4.6987853061e-003;6.6207342782e-003;5.9249967227e-003;6.1010186693e-003;5.8537667090e-003;5.0232546346e-003;3.7431499314e-003;5.3460504813e-003;6.0016226736e-003;4.8050185593e-003;2.1533639992e-003;6.2364261386e-003;3.2148469382e-003;4.5277661272e-003;7.4585084844e-003;4.0994249553e-003;
1.3945312500e+000;4.5277190319e-003;1.3922664479e-002;3.2103266917e-003;4.5722253453e-003;3.5136441908e-003;3.6076094119e-003;5.5964266154e-003;7.5338702358e-003;4.3307996678e-003;2.4601923410e-003;5.5134511082e-003;5.6246244304e-003;5.9372118686e-003;2.5581947461e-003;3.8574001549e-003;2.6731762024e-003;4.5602009717e-003;6.3748041883e-003;5.9413344013e-003;5.4975310220e-003;6.3717991818e-003;5.1254723276e-003;3.4128174655e-003;5.1773599776e-003;5.9382810397e-003;4.8639881968e-003;2.2324896732e-003;6.0682316663e-003;3.0674790815e-003;4.6603605521e-003;7.3774174992e-003;3.7665888734e-003;
1.4941406250e+000;4.5589947993e-003;1.4365120756e-002;3.3606492803e-003;4.5450885091e-003;3.3917455282e-003;4.1404839569e-003;5.3026900377e-003;7.6585353059e-003;3.9482913200e-003;2.1581658769e-003;5.7330963714e-003;5.5492401710e-003;5.6756578482e-003;2.6760729908e-003;3.9591506814e-003;2.6363337530e-003;4.7412183158e-003;6.5046302235e-003;6.0126583905e-003;6.3077267286e-003;5.6747800204e-003;5.0088069005e-003;3.2426945338e-003;4.6937136499e-003;6.0896953820e-003;4.6360081154e-003;2.2656752128e-003;6.1168527631e-003;3.0995699075e-003;4.5955109300e-003;7.9801017193e-003;3.8840263255e-003;
1.5937500000e+000;4.7717732129e-003;1.3669193946e-002;3.4389534170e-003;4.7310597220e-003;3.0657123315e-003;3.8357380656e-003;5.0586925061e-003;7.5617352438e-003;3.9962756811e-003;2.2134434835e-003;5.5055081358e-003;5.3780578492e-003;5.3925808327e-003;2.4522148847e-003;3.9327188857e-003;2.6146559715e-003;4.8106446966e-003;6.7801164220e-003;5.7966869417e-003;5.0071032570e-003;5.2277247264e-003;5.0135087410e-003;3.0721499621e-003;4.4667056846e-003;6.0446878307e-003;4.4929010969e-003;2.0231825358e-003;6.0189291331e-003;3.1303013216e-003;4.9427701801e-003;7.9114089946e-003;3.9170823402e-003;
1.6933593750e+000;4.7276848822e-003;1.3912932641e-002;3.4771783526e-003;3.9930402784e-003;3.1734143564e-003;3.8962264421e-003;6.0729509479e-003;8.0719114988e-003;3.9298917534e-003;2.4428382953e-003;5.4404455778e-003;5.4287989414e-003;5.5450449651e-003;2.9646107906e-003;4.0520070207e-003;2.7657255655e-003;4.6307654445e-003;6.1273979110e-003;5.8825740260e-003;5.2348722520e-003;4.8695519365e-003;5.2416455062e-003;3.9185549887e-003;4.4962496905e-003;6.0891408368e-003;3.9981694524e-003;3.1485733978e-003;5.8969432785e-003;2.8489290080e-003;4.3329122446e-003;7.2263064937e-003;4.0332292786e-003;
1.7929687500e+000;4.2638767262e-003;1.4798504078e-002;3.4964846615e-003;3.6702275814e-003;3.4328088185e-003;4.8824182987e-003;9.7489686982e-003;7.5505220430e-003;3.8915153020e-003;3.0125386999e-003;6.3516933599e-003;5.7707139921e-003;5.8220816538e-003;3.9628046403e-003;4.9007079484e-003;2.7485431385e-003;5.2973225141e-003;6.7761820639e-003;7.2970200528e-003;5.7538249195e-003;5.5598890645e-003;5.8856522744e-003;4.3501639882e-003;4.7843678542e-003;7.4437839572e-003;4.2563865842e-003;1.8816152815e-003;6.4292577551e-003;3.6936249464e-003;4.5368466491e-003;7.1385373706e-003;4.2440093027e-003;
1.8925781250e+000;4.1575214365e-003;1.4526419708e-002;3.4697514177e-003;3.6026657981e-003;3.6304299614e-003;5.7229378646e-003;1.2308726834e-002;7.2447314860e-003;3.9451066713e-003;3.3830598425e-003;5.0920790797e-003;6.0252089944e-003;5.7106228166e-003;4.3144090501e-003;5.4601439220e-003;2.9462551970e-003;5.5557896210e-003;7.2026098792e-003;7.9678123639e-003;5.9857145287e-003;6.4135675496e-003;7.1369151830e-003;4.6454369548e-003;4.7927024764e-003;7.3926122696e-003;4.0659926674e-003;1.7842489773e-003;6.6894439312e-003;4.4743697381e-003;5.0318514866e-003;8.0034301153e-003;4.7447178482e-003;
1.9921875000e+000;4.0665027826e-003;1.4898567498e-002;3.6640958394e-003;3.6124156958e-003;3.4560993928e-003;6.5561082837e-003;1.3243778729e-002;7.0147286658e-003;3.9472152268e-003;3.5604539397e-003;4.3943570425e-003;6.3236045401e-003;5.7653155927e-003;4.2293048536e-003;5.3766836409e-003;3.1251110048e-003;5.9574101555e-003;7.1141514298e-003;8.1700142598e-003;6.8189346014e-003;6.0995473573e-003;6.4598538939e-003;4.8489939993e-003;4.6084680869e-003;6.6075605456e-003;4.0919655251e-003;1.8742685552e-003;6.9144656265e-003;5.6255512904e-003;5.2364821173e-003;7.0477019287e-003;4.6501544645e-003;
2.0917968750e+000;4.2138956403e-003;1.4732853762e-002;3.3708031934e-003;3.6543494981e-003;3.4876925851e-003;6.7158467248e-003;1.3402282379e-002;7.0079665235e-003;3.9513738088e-003;3.4674240418e-003;3.5925013742e-003;5.8585160240e-003;5.8462108953e-003;4.2905496560e-003;5.7902257216e-003;3.3855258136e-003;5.8071013238e-003;7.3941905798e-003;8.2094523962e-003;7.3672696351e-003;5.7502864225e-003;6.4194525317e-003;4.8227360049e-003;4.8262637386e-003;6.4049135897e-003;4.6528491110e-003;1.7971976711e-003;6.9458992376e-003;5.4960172786e-003;4.1542996027e-003;6.9792310885e-003;5.2434845375e-003;
2.1914062500e+000;4.3126531738e-003;1.4916873105e-002;4.5638448456e-003;3.7989251393e-003;3.4474832298e-003;7.0428524228e-003;1.2485842081e-002;6.8598721099e-003;4.1756439973e-003;3.4979412586e-003;3.2829434634e-003;5.5226362681e-003;5.8949806551e-003;4.1172835820e-003;5.9843929786e-003;3.6929794624e-003;6.1914703506e-003;8.3221805115e-003;8.6099235257e-003;7.4173584452e-003;5.8636250391e-003;5.4016280810e-003;5.6126904395e-003;5.1009049189e-003;6.3555620357e-003;5.6460490744e-003;1.8127367951e-003;7.4676207554e-003;5.3250941252e-003;3.5964584286e-003;6.3743218610e-003;5.0659549562e-003;
2.2910156250e+000;4.4895173446e-003;1.5197374584e-002;2.9373844786e-003;3.7604805361e-003;4.2448702160e-003;6.9463646291e-003;1.2675214174e-002;7.0532605256e-003;3.9092318465e-003;3.8660548450e-003;3.3851309088e-003;5.7623039767e-003;5.8857097851e-003;4.1377587232e-003;5.8714591207e-003;4.6641376894e-003;5.6362479372e-003;8.2623302744e-003;8.4986934020e-003;7.5162836012e-003;5.9759394178e-003;5.3278236606e-003;5.0492066141e-003;5.1336604854e-003;6.8057428534e-003;5.0657044335e-003;2.0408287548e-003;6.7497349946e-003;5.4208249032e-003;3.4262439904e-003;7.8696589943e-003;6.1131385868e-003;
2.3906250000e+000;4.5897964374e-003;1.2423078699e-002;3.0985938043e-003;4.3976890632e-003;4.1263224151e-003;6.5011473546e-003;1.2547910226e-002;6.6296381715e-003;3.5796278163e-003;3.9622969687e-003;2.8385054504e-003;4.9423817473e-003;5.9078595821e-003;4.0983700126e-003;6.0972068772e-003;3.4004087501e-003;5.0860087125e-003;6.6918728723e-003;7.2140069355e-003;7.6587713831e-003;5.1147498108e-003;5.5533502572e-003;5.0407718468e-003;4.2966381118e-003;6.3639894645e-003;4.8757189610e-003;2.2261276361e-003;5.9799299942e-003;5.5752071621e-003;3.6290474231e-003;6.7494937326e-003;6.0131731079e-003;
2.4902343750e+000;3.0572014483e-003;5.4070883261e-003;3.1097914176e-003;2.3255675649e-003;3.7435638580e-003;6.0810865015e-003;1.1804458251e-002;4.5720149127e-003;2.9840063352e-003;3.1459842492e-003;2.7595545620e-003;4.7335543861e-003;6.0243811107e-003;3.8573817455e-003;5.9932691918e-003;3.4674055971e-003;4.6390004103e-003;5.5929486814e-003;6.3758578776e-003;5.3097219190e-003;5.0707774443e-003;5.6049494506e-003;5.1504565762e-003;4.3255763533e-003;4.5647668703e-003;4.8751029935e-003;2.2197119740e-003;3.6993267307e-003;5.7871770594e-003;3.0643150355e-003;6.4149437495e-003;6.2793166177e-003;
2.5898437500e+000;2.5614599323e-003;4.7712863047e-003;3.1624600575e-003;2.1413687039e-003;3.1232973422e-003;6.1786672754e-003;1.1494168554e-002;3.2310030531e-003;3.2272494990e-003;2.8330896374e-003;2.3376684358e-003;5.0257362947e-003;6.1087690666e-003;4.1233651941e-003;6.0156960576e-003;3.2121770807e-003;4.5118543120e-003;5.2343854802e-003;5.7400441908e-003;5.1183976166e-003;5.0730051035e-003;5.5761076996e-003;5.3220313913e-003;4.4931859483e-003;3.7319769522e-003;4.4177230740e-003;2.2022045823e-003;4.1643378582e-003;6.1389710421e-003;4.0995658989e-003;6.7773709783e-003;6.6409323721e-003;
2.6894531250e+000;2.7236468408e-003;4.6427463887e-003;3.1843147835e-003;2.1942205704e-003;3.4456909192e-003;6.1055167235e-003;1.1776859469e-002;3.1549217311e-003;3.5923303283e-003;3.0593894762e-003;2.1610439155e-003;5.3164822722e-003;6.4949851740e-003;3.9512970446e-003;6.4507684500e-003;3.1125275486e-003;4.5716089223e-003;5.3744302488e-003;5.6731498907e-003;4.9200201514e-003;5.2487587205e-003;5.8159929607e-003;5.7181560021e-003;4.8199665648e-003;4.2036664376e-003;4.5733803846e-003;2.3500628676e-003;3.7917154595e-003;5.9047173475e-003;3.3999906747e-003;6.5295929215e-003;5.7710178098e-003;
2.7890625000e+000;2.8767309785e-003;4.6741393409e-003;3.0986894644e-003;2.2137761442e-003;3.4033680664e-003;6.3717997116e-003;1.1722795971e-002;3.1036052608e-003;3.6333038886e-003;2.6090899785e-003;2.1044491929e-003;4.7613019684e-003;7.1583893237e-003;3.8479951797e-003;5.4454547348e-003;3.4054032558e-003;4.3216158264e-003;5.7795305014e-003;5.5209428193e-003;4.8547808511e-003;5.1323544658e-003;5.7926350410e-003;5.6587343727e-003;4.9426050308e-003;4.1596404637e-003;5.4338680862e-003;2.6937896261e-003;4.3300189642e-003;6.0406842018e-003;3.7030065558e-003;6.6772359006e-003;6.1414735798e-003;
2.8886718750e+000;2.7199613220e-003;4.8042710828e-003;3.6162648732e-003;2.1138251913e-003;4.1916973719e-003;5.9619429740e-003;1.1794525066e-002;3.1876583273e-003;3.7558352325e-003;2.6884064056e-003;2.4023436578e-003;4.9832540038e-003;7.0932732233e-003;4.5160768546e-003;6.3767547108e-003;3.0324788323e-003;4.4823334641e-003;6.1428090884e-003;6.4199324991e-003;4.9853049933e-003;5.0295034590e-003;5.8573371004e-003;5.9987652867e-003;4.6067764362e-003;4.8723650882e-003;4.3816261778e-003;2.4680531568e-003;4.0317336167e-003;6.0030116327e-003;4.4729701140e-003;6.5005358897e-003;6.0931448206e-003;
2.9882812500e+000;2.8958841823e-003;4.8236248189e-003;3.0915269949e-003;2.5162478882e-003;3.4918225868e-003;6.3739292609e-003;1.1587701236e-002;3.8381633096e-003;4.0894187684e-003;2.7242636056e-003;2.1757560684e-003;4.9942376663e-003;7.2192246641e-003;4.1943258257e-003;6.2914455724e-003;3.2421473526e-003;4.2377422319e-003;5.9512733192e-003;5.5824187072e-003;5.4614492003e-003;5.3176068448e-003;6.2700646562e-003;6.4912664215e-003;4.4149595211e-003;5.2054942638e-003;4.8915020975e-003;2.4917038242e-003;3.8662172060e-003;5.6134719175e-003;4.1085112180e-003;6.1893475487e-003;6.5404871158e-003;
3.0878906250e+000;3.2586466839e-003;5.2780483625e-003;3.0965342740e-003;2.1811819960e-003;3.2830398848e-003;6.1935254812e-003;1.1519259449e-002;3.4307147903e-003;3.9331937737e-003;2.7055922520e-003;2.5023300014e-003;5.7426557450e-003;6.9398255154e-003;4.0059463709e-003;6.1446759877e-003;4.4335570442e-003;4.1601935029e-003;5.3231454519e-003;5.4853372047e-003;6.0180840976e-003;4.9968712532e-003;6.3575767442e-003;6.8075700424e-003;4.7177189271e-003;5.2353552872e-003;5.4846231227e-003;2.3343525347e-003;3.6456092148e-003;5.5680253628e-003;4.2040648358e-003;5.6514553828e-003;6.4460076740e-003;
3.1875000000e+000;3.3517063429e-003;5.2096067300e-003;3.1676522689e-003;2.1008696716e-003;3.2619601206e-003;6.3495383550e-003;1.1173399602e-002;3.3160014070e-003;3.9160287949e-003;2.7748691295e-003;2.5322582006e-003;6.0679979386e-003;6.6834257395e-003;4.2432279934e-003;6.0859718507e-003;3.6487049579e-003;4.1155854867e-003;5.0264954343e-003;5.7907714196e-003;6.3383495634e-003;4.9726691843e-003;6.2595311357e-003;6.4759631688e-003;5.0420025770e-003;5.4043676160e-003;6.1764679245e-003;2.3350497950e-003;3.4573240470e-003;5.7676911816e-003;4.1529796452e-003;4.8098048967e-003;6.3989482471e-003;
3.2871093750e+000;3.2747461336e-003;5.0152212057e-003;3.2382076390e-003;2.0931598148e-003;3.0466496049e-003;6.5345675800e-003;1.1265588534e-002;3.1514200129e-003;3.8414080481e-003;2.8857087297e-003;2.3196365921e-003;5.9679484394e-003;6.4438175084e-003;4.1802317469e-003;4.9820137374e-003;3.3266294977e-003;4.1112457339e-003;5.2568386352e-003;5.8602446602e-003;6.7434698529e-003;5.0617770472e-003;6.1423066875e-003;6.1874998200e-003;5.1603376345e-003;5.4117843719e-003;5.6482033493e-003;2.5150384566e-003;3.5557934383e-003;5.9102783958e-003;4.8048374692e-003;4.8115362521e-003;6.1861471346e-003;
3.3867187500e+000;3.2509852217e-003;4.9950921867e-003;3.3232069806e-003;2.1682782134e-003;3.1275167578e-003;7.1132900207e-003;1.1224707983e-002;3.2343885328e-003;4.1304315666e-003;3.0347219651e-003;2.4032685439e-003;5.8665000383e-003;6.3683429973e-003;4.1853224432e-003;5.4116621451e-003;3.4687555762e-003;5.0550111041e-003;5.5176530703e-003;5.6808162380e-003;6.6476994706e-003;4.9508952847e-003;6.8155820609e-003;6.7679172481e-003;4.9813476099e-003;5.5253744836e-003;5.6511845211e-003;2.6062103614e-003;3.5337980708e-003;6.5027121136e-003;4.1835284937e-003;4.7854403426e-003;6.2237191311e-003;
3.4863281250e+000;3.1165726590e-003;5.0809382610e-003;3.5069783668e-003;2.3267559589e-003;2.9364990306e-003;7.0413008814e-003;1.1114904012e-002;3.4002071071e-003;3.5591924757e-003;3.3873578592e-003;2.6123960575e-003;5.6750773798e-003;6.1807791702e-003;4.1078473202e-003;4.6143046230e-003;3.6232916714e-003;3.6620232498e-003;5.3039092294e-003;5.6596712746e-003;6.4004177710e-003;4.7545218549e-003;6.3632377896e-003;6.5644584711e-003;5.0801407270e-003;5.6656683961e-003;5.6669491555e-003;2.4777840810e-003;3.6531489045e-003;6.6854380864e-003;4.3964533488e-003;5.4998429361e-003;6.2307106339e-003;
3.5859375000e+000;3.2220680740e-003;5.1595443068e-003;3.4434147925e-003;2.2300951109e-003;2.9881526460e-003;6.4027585118e-003;1.1082091251e-002;3.2541122787e-003;3.6242776166e-003;3.8823621337e-003;2.2248882789e-003;5.3960525392e-003;5.5085766433e-003;4.1701239468e-003;4.4988462289e-003;3.4065103725e-003;3.7968270860e-003;4.9785754276e-003;5.8283785694e-003;6.7064596548e-003;4.7367185140e-003;6.5118844775e-003;6.4445124798e-003;4.8822631166e-003;5.5521501818e-003;4.8048855711e-003;2.4159033621e-003;3.7795208767e-003;6.5550769228e-003;4.0800270973e-003;5.3054065327e-003;6.0019943342e-003;
3.6855468750e+000;3.4378055070e-003;4.9735362592e-003;3.6103942367e-003;2.2677330811e-003;3.1473754381e-003;6.6350557488e-003;1.1166411056e-002;3.0918259002e-003;4.0029926871e-003;2.9817194566e-003;2.5398989635e-003;5.7571500746e-003;5.9751742482e-003;4.0792270361e-003;4.6335475075e-003;4.7350465935e-003;4.0531296281e-003;5.2446172868e-003;6.4201766383e-003;6.3489932880e-003;5.1170713736e-003;6.2939982750e-003;6.5554320793e-003;4.6548137033e-003;5.6679906277e-003;4.6458496774e-003;2.2854232544e-003;3.6445106476e-003;6.8661922677e-003;3.1230599599e-003;4.7642888650e-003;6.0991676507e-003;
3.7851562500e+000;3.9442523217e-003;6.6752617839e-003;3.7048417087e-003;2.2053827777e-003;3.1511617824e-003;6.6274437376e-003;1.1699067450e-002;2.9199205732e-003;3.5980244447e-003;3.3887116961e-003;2.3676993492e-003;6.0187415742e-003;6.3388305737e-003;4.9745058211e-003;5.4698689181e-003;3.3000250187e-003;4.9063423466e-003;6.2431333497e-003;6.5955327140e-003;6.8210945552e-003;4.3098581449e-003;6.6085445449e-003;7.1425269932e-003;4.8711624063e-003;5.7362430868e-003;4.4095916401e-003;2.2900459576e-003;3.6514823040e-003;6.8408773702e-003;3.4340738821e-003;4.3816903781e-003;6.3658742370e-003;
3.8847656250e+000;3.5109091940e-003;6.1378700851e-003;3.7391743054e-003;2.0261382812e-003;3.1742607898e-003;7.0730857509e-003;1.2465521610e-002;3.1544191614e-003;3.5112452772e-003;3.6710308327e-003;2.3858041843e-003;8.3464735376e-003;6.3418170043e-003;5.8491219320e-003;6.8361622167e-003;3.2255009038e-003;6.3444596301e-003;9.1882644147e-003;6.6701063031e-003;8.0949291359e-003;5.0724033609e-003;7.4203723947e-003;6.7762864048e-003;4.6101905111e-003;6.0265665129e-003;4.8169024503e-003;2.2297179725e-003;3.4900600034e-003;7.9055395352e-003;2.9972595501e-003;4.5868770818e-003;6.3063311891e-003;
3.9843750000e+000;4.0215303920e-003;7.8005460811e-003;3.8926691490e-003;1.9333038959e-003;3.7189597454e-003;7.9337473070e-003;1.2284810362e-002;3.9682374816e-003;3.4088375806e-003;4.0098512383e-003;2.5959267175e-003;1.2071240584e-002;6.3191248408e-003;6.2996230673e-003;8.1081784668e-003;3.2469782717e-003;7.3021859086e-003;1.1956984802e-002;6.7014858290e-003;8.8437027095e-003;7.1541221976e-003;7.3004226773e-003;7.2328384414e-003;4.4559948715e-003;6.7815620942e-003;4.9583999259e-003;2.2464489750e-003;3.9927430135e-003;9.9279602811e-003;2.9618965593e-003;4.3101161611e-003;6.4402597105e-003;
4.0839843750e+000;3.5046370921e-003;8.4726207087e-003;3.9118803845e-003;1.9591255367e-003;4.1960207045e-003;7.9509286159e-003;1.2110213298e-002;4.8534713683e-003;3.2248123520e-003;4.2169541019e-003;2.6973988089e-003;1.2340728614e-002;6.2806518968e-003;6.2432114648e-003;8.3486858451e-003;3.7304575091e-003;7.5090941525e-003;1.3218020220e-002;6.7062013814e-003;9.0756181541e-003;6.8350396398e-003;6.9072388755e-003;7.4114127131e-003;4.4950451715e-003;7.2691645238e-003;5.3144981511e-003;2.3637269256e-003;3.4195751978e-003;1.0979548064e-002;2.9616590573e-003;4.5041123318e-003;6.3284072586e-003;
4.1835937500e+000;3.8409968234e-003;7.6698666469e-003;3.9821266009e-003;2.2265310882e-003;4.3457218674e-003;7.9385774712e-003;1.1987991526e-002;4.7093963222e-003;3.2575963834e-003;4.2740448326e-003;2.5440202039e-003;1.2032058989e-002;6.2898969788e-003;6.9421170660e-003;8.7193008740e-003;4.1644691813e-003;7.5109546378e-003;1.3165155784e-002;7.0812376224e-003;9.0234631176e-003;6.8195687689e-003;6.9845789733e-003;7.7224056577e-003;4.7155058611e-003;7.4640767053e-003;5.6222175595e-003;2.3199824619e-003;3.2922785399e-003;1.1145701134e-002;3.3255574188e-003;4.6814732892e-003;6.5975256139e-003;
4.2832031250e+000;3.7501047559e-003;7.7603781999e-003;3.4017160678e-003;2.4820383729e-003;4.2848136627e-003;7.9036251548e-003;1.2067128070e-002;4.6410462072e-003;3.5625692741e-003;4.2100870515e-003;2.5309674271e-003;1.2937280120e-002;6.1363833444e-003;6.7711067071e-003;9.1044639702e-003;4.0410413349e-003;7.6299029240e-003;1.3224068080e-002;6.8652180570e-003;9.0740660655e-003;6.9410432727e-003;6.8043350242e-003;8.3996104403e-003;4.8941582771e-003;7.6266751163e-003;5.3689967802e-003;2.4817488098e-003;3.5245564063e-003;1.1230674289e-002;3.6314201617e-003;4.3805433179e-003;6.6047807421e-003;
4.3828125000e+000;3.1170119858e-003;7.5664309840e-003;3.9205158209e-003;2.7850832287e-003;4.3878087816e-003;8.2469834662e-003;1.1674685045e-002;4.9310925958e-003;3.5900967180e-003;5.0760659443e-003;2.7736409787e-003;1.1953065519e-002;6.5335706769e-003;6.3478628940e-003;8.6250982759e-003;3.9591527632e-003;7.4588185206e-003;1.3231151725e-002;7.1264785144e-003;9.1528841868e-003;7.3004758714e-003;6.9807319374e-003;7.8915812608e-003;5.0381290954e-003;7.7469830821e-003;5.3935620993e-003;2.5178570876e-003;3.3757439156e-003;1.1198772066e-002;3.3551847475e-003;4.5202583957e-003;6.4302662782e-003;
4.4824218750e+000;3.2274215180e-003;7.6172164744e-003;3.2464429390e-003;2.6855387280e-003;4.2692618011e-003;7.4959421930e-003;1.0348405432e-002;4.7343415522e-003;3.7350347227e-003;4.2119931525e-003;2.9172577514e-003;1.2010744656e-002;5.9321136559e-003;5.5991688836e-003;8.8657790425e-003;4.3165052998e-003;7.7680295502e-003;1.3477504984e-002;7.5812245721e-003;8.8150010452e-003;6.3062028683e-003;8.2880069240e-003;8.0380124327e-003;4.9557532974e-003;7.3043141322e-003;5.6978966263e-003;2.2045370010e-003;3.2120450761e-003;1.1633610924e-002;3.6379425925e-003;4.7990481083e-003;6.1468449888e-003;
4.5820312500e+000;3.1801339201e-003;7.5821328060e-003;3.2870500857e-003;2.7101889475e-003;4.2428675571e-003;6.8066343777e-003;6.6543796769e-003;4.7387958362e-003;3.5210533251e-003;3.7377690397e-003;2.6803198412e-003;1.1524592028e-002;5.4740334574e-003;5.1175591906e-003;8.1152241443e-003;4.2410997194e-003;6.9752604228e-003;1.2538843368e-002;5.4251740951e-003;8.2117306456e-003;5.2292759304e-003;6.3575895390e-003;6.3520776911e-003;4.8734117105e-003;6.6380887482e-003;4.8033290665e-003;2.1019571311e-003;2.7791077835e-003;9.6323901445e-003;3.1862309210e-003;4.0996642080e-003;6.2130152003e-003;
4.6816406250e+000;3.4874857412e-003;7.4534556847e-003;3.4366812576e-003;2.9212551486e-003;4.3727048431e-003;5.2087034015e-003;3.5773238281e-003;5.0284712987e-003;3.7080230807e-003;3.7059060444e-003;2.6216417703e-003;1.1243179485e-002;4.9935073763e-003;5.2218852884e-003;8.7701978351e-003;4.0709008860e-003;6.9341762617e-003;1.1902856688e-002;4.5323238864e-003;8.7652887139e-003;4.8000492390e-003;5.9562164687e-003;6.4323602925e-003;5.3317961377e-003;6.3873874647e-003;4.8670432388e-003;2.3677916459e-003;2.6707543622e-003;8.7031120330e-003;3.2304381253e-003;4.0009352769e-003;6.3741019767e-003;
4.7812500000e+000;3.8642799432e-003;8.4939780119e-003;3.5822578774e-003;2.9074608781e-003;4.6646859859e-003;5.5239696752e-003;3.8949267910e-003;5.1153434306e-003;4.3840489117e-003;3.7513000600e-003;2.6344882092e-003;1.1180309170e-002;6.1927389142e-003;6.1207614224e-003;9.6735136957e-003;3.8262904431e-003;7.0010939485e-003;1.2510379883e-002;6.0664241929e-003;9.2906534062e-003;4.8383060348e-003;6.1565124995e-003;6.0771472995e-003;5.3313413032e-003;6.8036627724e-003;5.6419334369e-003;2.4204646881e-003;2.9453803286e-003;7.8329443747e-003;3.0447054697e-003;4.2453490678e-003;6.2979269907e-003;
4.8808593750e+000;4.3577856888e-003;7.5036692789e-003;3.7122652616e-003;2.9655651886e-003;4.7696431004e-003;5.5280339647e-003;3.6598081722e-003;5.5074614758e-003;5.0862125458e-003;4.0751281521e-003;2.5714185810e-003;1.1230444667e-002;5.7885287108e-003;5.8131065546e-003;8.9613642730e-003;3.8625885747e-003;7.1469518819e-003;1.1636929507e-002;4.0180892599e-003;7.5468366196e-003;4.7185260348e-003;6.3748414188e-003;6.4669951283e-003;5.2698122236e-003;7.5169197310e-003;4.9843710073e-003;2.2403901464e-003;3.3855768220e-003;7.7717686217e-003;3.0920625785e-003;4.1787526244e-003;5.9861121664e-003;
4.9804687500e+000;4.9753696960e-003;7.8101199928e-003;3.9148830769e-003;3.1395843709e-003;4.8374461631e-003;6.0409503216e-003;4.1028008653e-003;5.9186647640e-003;5.1976526375e-003;4.4303807019e-003;2.3576922925e-003;1.1423612426e-002;6.4589884076e-003;5.2098759021e-003;9.1967280905e-003;4.1416068353e-003;7.4143520478e-003;1.1451726383e-002;3.4801260431e-003;8.1115122056e-003;4.8373805901e-003;6.2081889830e-003;6.1291452915e-003;4.7787278267e-003;8.1808916169e-003;5.0542691658e-003;2.5553753174e-003;3.2312518556e-003;8.2928920966e-003;3.6396279477e-003;4.2074330361e-003;5.4633532642e-003;
5.0800781250e+000;5.4237334269e-003;7.9988270628e-003;3.7945565783e-003;3.4457857789e-003;4.6052511797e-003;6.3134112658e-003;4.6320003627e-003;5.9264326749e-003;5.4185036721e-003;4.7352077058e-003;2.3504500600e-003;1.1741910910e-002;6.6571775079e-003;5.1569345937e-003;9.3553927345e-003;4.2349345275e-003;7.2435472937e-003;1.1469202988e-002;3.4829501341e-003;8.1198357067e-003;4.9954875076e-003;6.5578043211e-003;5.9667941337e-003;4.8421513897e-003;8.4257955513e-003;5.0794453880e-003;2.4852063847e-003;3.6024142137e-003;8.5348251492e-003;4.0565960624e-003;4.6643013302e-003;4.7445075729e-003;
5.1796875000e+000;5.7745790552e-003;7.8746020137e-003;4.0274683213e-003;3.5848589725e-003;4.6581554501e-003;6.7930137410e-003;4.5178953406e-003;6.0694303790e-003;5.5596224580e-003;4.6936590669e-003;2.4687825566e-003;1.1955632104e-002;7.0608604740e-003;5.1842162505e-003;9.1534393763e-003;4.3494764232e-003;7.3405208258e-003;1.1341531422e-002;3.3888053635e-003;8.0393892157e-003;5.3539397043e-003;6.2024850510e-003;5.7786658398e-003;4.9037059574e-003;7.9479044315e-003;5.1429895533e-003;2.0118819782e-003;4.4956454275e-003;8.8554692297e-003;4.2217806015e-003;4.7812993433e-003;4.4442318617e-003;
5.2792968750e+000;5.2474011071e-003;8.0208703343e-003;4.0920414743e-003;3.3088068739e-003;4.5790483626e-003;7.3412948659e-003;4.6270629361e-003;5.9569018397e-003;5.5454951762e-003;4.6173119317e-003;2.6722635809e-003;1.2007625688e-002;7.1910550919e-003;5.1534165512e-003;9.1481843083e-003;4.1972753498e-003;7.5307052129e-003;1.1204220389e-002;3.5081926893e-003;8.2599046856e-003;5.0925353240e-003;6.5189599184e-003;5.8851059665e-003;4.5748775197e-003;7.8155504160e-003;5.4660276101e-003;2.0811939207e-003;4.8561980119e-003;8.2449904271e-003;4.0808945017e-003;5.2082356195e-003;4.6012603091e-003;
5.3789062500e+000;5.1755725311e-003;7.8594242528e-003;3.9913964843e-003;3.2005075121e-003;4.8477558906e-003;7.1797779841e-003;4.3402919079e-003;5.8874602669e-003;5.7943935336e-003;4.4514317102e-003;2.6150927384e-003;1.1825881572e-002;6.5088221659e-003;5.1529067775e-003;9.5567173344e-003;4.2057316619e-003;7.3157427987e-003;1.1236957492e-002;3.5004440067e-003;8.0538608079e-003;5.5288735573e-003;6.2120831869e-003;5.8039890494e-003;4.5813311285e-003;7.8413744913e-003;6.0427896293e-003;2.3349029609e-003;4.8593679012e-003;8.4613516522e-003;4.1936226153e-003;5.5375244041e-003;4.3561860772e-003;
5.4785156250e+000;5.0724614319e-003;7.7102467274e-003;4.5806068165e-003;3.2732770666e-003;4.6804297550e-003;7.1457541611e-003;4.4664272591e-003;5.9422321781e-003;4.8397033035e-003;4.6572092184e-003;2.3865788858e-003;1.1695340214e-002;6.1098128446e-003;5.1444033450e-003;9.1141042717e-003;4.5073691687e-003;7.7837392534e-003;1.0515868841e-002;3.3433503050e-003;8.2235619414e-003;5.1292319792e-003;6.3734322394e-003;5.7373473146e-003;4.5058383843e-003;8.2504692136e-003;5.4677378897e-003;2.1154511069e-003;4.2315689081e-003;8.6644944303e-003;4.0715559465e-003;5.8753891776e-003;4.8425513584e-003;
5.5781250000e+000;5.9642000172e-003;7.5285569574e-003;4.1768412521e-003;3.3353075085e-003;4.6228035326e-003;7.2872706776e-003;4.9733887948e-003;5.8380978110e-003;4.9943471511e-003;4.6706853260e-003;2.2160589345e-003;1.1128562035e-002;5.0999058242e-003;4.9931518274e-003;9.0236259736e-003;4.2791603819e-003;7.3674644932e-003;1.0526854334e-002;3.3702834704e-003;8.2418118953e-003;5.0222181382e-003;6.2158295399e-003;5.6494651222e-003;4.3568037617e-003;8.8371265793e-003;5.4301212552e-003;2.2923113983e-003;4.6764690960e-003;8.5655728315e-003;3.9617526381e-003;6.3383612763e-003;4.1624296046e-003;
5.6777343750e+000;5.2079992717e-003;7.4974745263e-003;3.7644699473e-003;3.2950091672e-003;4.6099654423e-003;7.0997477831e-003;6.1624544107e-003;6.0192196086e-003;4.7879273295e-003;4.8486181506e-003;2.1792895156e-003;1.1157858208e-002;4.8830263478e-003;5.3224957850e-003;8.8834014244e-003;4.2756070436e-003;6.8303503490e-003;1.0548582796e-002;3.7519178462e-003;8.5255164714e-003;5.3824625496e-003;6.3480964140e-003;5.3439649985e-003;4.1705256879e-003;8.0552716014e-003;5.1544762622e-003;2.5430552323e-003;4.1085308985e-003;8.6811640957e-003;3.5284167612e-003;6.7044551318e-003;4.1560246774e-003;
5.7773437500e+000;5.4449857880e-003;8.7834497065e-003;3.2004398957e-003;3.7045906629e-003;4.7783184286e-003;7.2339376409e-003;7.1571457068e-003;6.3226631577e-003;4.8232052457e-003;5.2322736105e-003;2.1670049003e-003;1.1016830458e-002;5.0534402037e-003;4.6370939984e-003;9.2042073378e-003;4.8638906340e-003;6.8433248158e-003;1.0548906163e-002;3.9714933044e-003;9.4545819558e-003;5.2801564419e-003;6.0314418892e-003;5.3557174430e-003;4.7261021388e-003;7.6543236347e-003;4.4932413977e-003;2.8236284045e-003;4.1971443581e-003;8.6370248665e-003;2.8957903295e-003;6.7027532284e-003;3.9879404838e-003;
5.8769531250e+000;4.8979970278e-003;7.2362754748e-003;3.4615387915e-003;3.3931173940e-003;4.6462674747e-003;7.5817906726e-003;6.5731367367e-003;6.5937768058e-003;4.8181033411e-003;4.8050960773e-003;2.1329636157e-003;1.0986201781e-002;5.0507971205e-003;4.7866876562e-003;9.5061112059e-003;3.8264876355e-003;6.9777994613e-003;1.0617547026e-002;3.3582105404e-003;7.5134777818e-003;5.2033783835e-003;5.7575494270e-003;5.1293341918e-003;4.0984872858e-003;7.9314382047e-003;3.9528463694e-003;2.9287560642e-003;4.4755809943e-003;8.5568138929e-003;2.9585764750e-003;6.5227972686e-003;3.9906156244e-003;
5.9765625000e+000;5.5552471754e-003;7.9013329932e-003;3.1876965242e-003;3.5025584698e-003;4.8398491237e-003;7.2195731410e-003;7.4299442845e-003;7.4352763883e-003;4.5574218025e-003;5.0735684330e-003;2.1412858808e-003;1.1849316309e-002;5.0112382562e-003;4.4740198364e-003;9.4622398494e-003;3.7261265044e-003;7.1290138462e-003;1.1775740898e-002;3.1983715729e-003;7.1658574784e-003;5.6264266003e-003;5.7875025341e-003;5.3468484079e-003;4.2081658022e-003;7.8954130118e-003;4.1843765631e-003;4.5182394765e-003;5.2470857739e-003;9.1785796957e-003;4.7726472038e-003;6.8821777284e-003;4.1767661431e-003;
6.0761718750e+000;6.3504153507e-003;7.9594510403e-003;3.0041429440e-003;3.8740011910e-003;4.9808731263e-003;7.3928892941e-003;8.7899314793e-003;8.2884549063e-003;4.4808629258e-003;5.3098446462e-003;2.6647779642e-003;1.2332602854e-002;4.8272664159e-003;4.6285847836e-003;9.1067520425e-003;3.7208576535e-003;6.9583452687e-003;1.1733049982e-002;2.8038694308e-003;7.3239729745e-003;5.8243212921e-003;5.8234963992e-003;5.1745948545e-003;4.0524032323e-003;8.1480098259e-003;3.7386286219e-003;6.0887944905e-003;5.8256925825e-003;9.9322211453e-003;6.5318363322e-003;7.1811029571e-003;4.5845505591e-003;
6.1757812500e+000;6.7360215298e-003;8.1859630170e-003;2.9699776813e-003;3.8727545151e-003;4.8835844864e-003;7.2730678381e-003;9.7257191152e-003;8.1085914794e-003;4.5055175562e-003;5.5900199687e-003;1.8755037884e-003;1.2966926087e-002;5.1422174577e-003;4.9206422898e-003;9.0727509887e-003;3.5686450636e-003;7.0292577008e-003;1.1674932773e-002;2.9603164600e-003;7.0702884530e-003;5.3561156217e-003;6.0195948079e-003;4.9098983488e-003;4.0400105381e-003;7.8083750536e-003;3.9772947826e-003;6.1832150538e-003;6.2936669121e-003;9.5220897396e-003;6.9569213101e-003;8.2562301699e-003;4.7998682537e-003;
6.2753906250e+000;6.8055734574e-003;7.5743743048e-003;2.9750516181e-003;4.0692712800e-003;5.0283771638e-003;7.6598033335e-003;1.0510447197e-002;8.7748378620e-003;5.0814616107e-003;5.4605231882e-003;2.4232477873e-003;1.2305784327e-002;5.0706019312e-003;4.7218706824e-003;9.3821513657e-003;3.5382448926e-003;7.2238245651e-003;1.1901022461e-002;2.9686034310e-003;7.1574242182e-003;4.8637215399e-003;5.5696012777e-003;4.7538075964e-003;4.0647530529e-003;7.6772761312e-003;3.7935143173e-003;6.2901134394e-003;5.7679984825e-003;8.9470469993e-003;7.1541394067e-003;6.9459424701e-003;5.1905974587e-003;
6.3750000000e+000;7.1026676527e-003;7.5800588628e-003;2.7110884043e-003;3.6955944709e-003;5.1636259894e-003;8.3620446803e-003;1.0575082422e-002;9.6032075301e-003;4.9442965284e-003;5.6039934260e-003;1.4613408134e-003;1.2920181640e-002;4.9967160792e-003;4.7937347592e-003;8.9030473758e-003;3.6834226656e-003;7.1732025673e-003;1.2123493572e-002;2.8799208230e-003;6.9742220986e-003;5.0624961597e-003;5.6165344166e-003;5.0035709689e-003;4.0588612782e-003;7.6744237650e-003;3.9090721286e-003;6.3080981934e-003;5.7470961276e-003;8.9214017943e-003;7.2384807264e-003;7.4520166773e-003;5.4901490827e-003;
6.4746093750e+000;6.8463283993e-003;7.5285899248e-003;2.6791604584e-003;3.5424833647e-003;4.8711339291e-003;9.6707956106e-003;1.0426581194e-002;9.5130794332e-003;5.0967413311e-003;5.8903633971e-003;1.6640353860e-003;1.4983496763e-002;4.2927979433e-003;5.0436294151e-003;9.0444327584e-003;3.6461752818e-003;6.6072004720e-003;1.3482753719e-002;2.7609733347e-003;7.4223090250e-003;4.8454545181e-003;5.5825546174e-003;4.7763934005e-003;3.6128082677e-003;7.7629894488e-003;4.2636772824e-003;6.6876271603e-003;5.7276322927e-003;9.0925341917e-003;7.5115802613e-003;8.0334309171e-003;6.1831241323e-003;
6.5742187500e+000;6.8985087608e-003;7.6721169026e-003;2.5670448975e-003;3.6144512534e-003;4.5795584254e-003;9.6040024734e-003;9.6564778238e-003;8.8106947350e-003;4.9260062660e-003;5.8580705103e-003;1.7191105614e-003;1.3244477904e-002;4.2479102630e-003;3.6475544787e-003;1.0312871103e-002;4.0817652602e-003;4.7981024844e-003;1.3267111850e-002;3.4524548680e-003;8.5119480190e-003;5.5967052740e-003;6.3578469204e-003;5.5010457547e-003;3.7189624530e-003;9.1320518118e-003;4.3437275461e-003;6.1975863822e-003;5.9129798295e-003;1.0429028952e-002;7.7263430329e-003;7.5551939081e-003;4.8676866028e-003;
6.6738281250e+000;6.9984894267e-003;7.5789154550e-003;2.1688383740e-003;3.5934217722e-003;6.7746516113e-003;6.2946585520e-003;1.1200763442e-002;8.8311659680e-003;4.8340868149e-003;5.1936387401e-003;1.9475415505e-003;1.1942212583e-002;4.0768530897e-003;5.1682736810e-003;8.2047427996e-003;3.6911872193e-003;7.0631435410e-003;1.0930533670e-002;2.9076209997e-003;5.7252379376e-003;7.8574783810e-003;5.2555644336e-003;4.7932316251e-003;4.0743049406e-003;6.7637724619e-003;3.6192176301e-003;7.1153586028e-003;5.7610631132e-003;9.0279183085e-003;8.7255212758e-003;7.5056681097e-003;4.8587922484e-003;
6.7734375000e+000;7.0664807277e-003;4.2895116505e-003;2.0857008531e-003;3.7381444547e-003;3.6022134825e-003;5.4396313272e-003;9.0162323820e-003;7.8183860711e-003;4.5475804218e-003;5.8359734586e-003;2.1457004040e-003;4.8145422154e-003;4.4763234422e-003;2.3253669310e-003;5.5132564515e-003;4.3294557648e-003;4.2676706848e-003;4.6951669940e-003;3.1442083239e-003;5.7680227563e-003;3.7155167620e-003;3.8747780901e-003;2.8593398601e-003;4.2320614733e-003;7.5894314461e-003;3.5619241764e-003;6.6303551145e-003;5.3447790467e-003;5.5252948738e-003;8.1428564736e-003;7.4940538281e-003;4.9593112630e-003;
6.8730468750e+000;7.2273512922e-003;3.7710224189e-003;2.0840197531e-003;3.6018107733e-003;3.6863887641e-003;5.4205417061e-003;9.1369867712e-003;8.4640933712e-003;4.7975285663e-003;4.5114152947e-003;2.0408553295e-003;4.6661541926e-003;4.7913051229e-003;2.0076656007e-003;5.4599490275e-003;4.7569016734e-003;3.5173981389e-003;3.9156297805e-003;3.1064014616e-003;5.4166550858e-003;3.9131833923e-003;3.9087534695e-003;3.3680860848e-003;3.9083261938e-003;5.8673451901e-003;3.8038785892e-003;7.2441632968e-003;5.6087427994e-003;5.0404070212e-003;8.7800237769e-003;7.7373343591e-003;5.0581262198e-003;
6.9726562500e+000;7.2088940957e-003;4.0571834052e-003;2.0102623826e-003;3.4653474685e-003;3.6957672273e-003;5.5189627243e-003;9.2269266874e-003;8.7383947190e-003;4.3421077598e-003;5.1139053293e-003;2.1319608567e-003;4.6501100555e-003;5.6195183067e-003;1.9328601859e-003;5.4968865509e-003;3.5587146302e-003;4.1408465158e-003;3.6533372797e-003;3.1140569045e-003;5.5157339792e-003;4.0494522752e-003;4.1220888225e-003;4.2093303455e-003;3.8120799938e-003;6.0545682110e-003;3.8287864001e-003;7.5614281682e-003;5.5487173714e-003;5.0250534669e-003;8.0421716683e-003;7.1346315458e-003;5.1105732159e-003;
7.0722656250e+000;7.3469272210e-003;4.0830008031e-003;2.4364541688e-003;3.3423981097e-003;3.5188631949e-003;5.9271681491e-003;9.6803121946e-003;8.6806085490e-003;4.2587251886e-003;4.5659108019e-003;1.9431543105e-003;4.6589785163e-003;6.1174271282e-003;1.8872926043e-003;5.2720739736e-003;3.8914352201e-003;3.8009505080e-003;3.5531176625e-003;3.5837292437e-003;5.5278850433e-003;3.8072577807e-003;4.1465328564e-003;4.1518156206e-003;3.9168004963e-003;5.8494096851e-003;3.8543757121e-003;7.1963155729e-003;5.6380018446e-003;5.0516374668e-003;7.9777459104e-003;7.5292751351e-003;5.2401846383e-003;
7.1718750000e+000;7.4853335205e-003;3.9464501622e-003;2.8313512706e-003;3.8699746327e-003;3.5919043811e-003;5.3757495662e-003;9.5801327710e-003;8.6933440820e-003;4.4552505058e-003;4.3396483644e-003;1.8668568407e-003;4.7163253709e-003;6.2392327917e-003;1.7492921657e-003;5.3533120827e-003;3.9438359618e-003;4.2693717300e-003;3.7236928396e-003;2.5642426656e-003;5.7128214009e-003;3.7743315731e-003;4.0236653575e-003;4.5032519890e-003;3.7269203895e-003;5.7320007458e-003;3.8761127412e-003;7.2531412063e-003;6.2189428478e-003;5.2385345133e-003;8.1072620496e-003;6.9919325810e-003;5.9172715983e-003;
7.2714843750e+000;7.7807971904e-003;4.0719516157e-003;2.8870265307e-003;3.2181558205e-003;3.3432831831e-003;5.3827484434e-003;9.4997751900e-003;8.7898071177e-003;4.2713299535e-003;4.4771054995e-003;1.8794149826e-003;4.6531753562e-003;6.0043400654e-003;1.7804245349e-003;5.3992296917e-003;3.9406946128e-003;3.7927840845e-003;3.6428381660e-003;2.4956395344e-003;5.6449588955e-003;3.6580319908e-003;3.4823685671e-003;4.0915658171e-003;3.8146339303e-003;5.8589793025e-003;4.1138628008e-003;7.3166944281e-003;6.1609510252e-003;5.3172173803e-003;7.8430151494e-003;6.9133198517e-003;6.4562045972e-003;
7.3710937500e+000;7.7037351034e-003;4.0317465984e-003;2.9107231706e-003;2.7258442000e-003;3.7006958532e-003;5.3219174703e-003;9.5194206046e-003;8.7950412511e-003;4.2849045948e-003;4.0205405362e-003;2.6011840388e-003;4.7536730904e-003;6.0013479410e-003;1.4778555314e-003;4.7038795284e-003;4.2373715066e-003;3.9911279756e-003;3.6390800947e-003;2.5626455007e-003;5.5401325073e-003;3.7507523031e-003;3.5994073395e-003;4.1915883567e-003;3.7230915205e-003;5.9137083448e-003;3.8182836642e-003;7.4664301622e-003;6.1707391856e-003;6.3265048192e-003;7.8037692852e-003;7.2006513246e-003;6.0729934756e-003;
7.4707031250e+000;8.0626842581e-003;4.0658817500e-003;2.7783913755e-003;3.1882601817e-003;3.5948065097e-003;5.3375554550e-003;9.5934904603e-003;8.9041174442e-003;4.5100766474e-003;4.0739931017e-003;2.3839903961e-003;4.8338568447e-003;5.9722717464e-003;1.5077286663e-003;5.0371443621e-003;3.6578442666e-003;4.4613508338e-003;3.6097775520e-003;2.7212036660e-003;6.0813958799e-003;3.9030801844e-003;3.5775289901e-003;4.8442023057e-003;3.7487967623e-003;5.7447691482e-003;3.7755310032e-003;7.0227415969e-003;6.1289118244e-003;4.7598157263e-003;8.0094772841e-003;6.9671284991e-003;5.7647334687e-003;
7.5703125000e+000;8.2120266941e-003;4.8828537944e-003;3.2433137067e-003;3.4745532310e-003;3.1982385005e-003;7.0292511098e-003;1.0276109772e-002;9.7489377466e-003;5.1838693382e-003;4.0525662812e-003;2.2887945364e-003;4.8039745398e-003;6.0063882979e-003;1.9791006268e-003;4.0239627792e-003;3.8197165241e-003;4.7540255548e-003;3.3260550968e-003;2.6861559482e-003;6.6523041589e-003;4.3136500066e-003;3.6081930801e-003;4.5329746284e-003;3.8070628797e-003;5.6589944116e-003;4.7763309593e-003;6.8189006228e-003;6.9119066834e-003;4.8423053197e-003;8.7477871142e-003;7.0861782917e-003;6.0631133914e-003;
7.6699218750e+000;6.6396578035e-003;3.7684133724e-003;2.6197365937e-003;3.1211196852e-003;2.8240381157e-003;4.4212353473e-003;9.7419456620e-003;7.7151004424e-003;3.6272873643e-003;3.5201496706e-003;2.4794592720e-003;4.5893983489e-003;4.6320014094e-003;1.9999503816e-003;3.6233819383e-003;3.2320872475e-003;3.9463200944e-003;3.4779508762e-003;2.8782804663e-003;4.9837974671e-003;4.1557685999e-003;3.5456537911e-003;4.0432312063e-003;3.5268851050e-003;4.7314746668e-003;2.3576290496e-003;6.8282544235e-003;5.9703625875e-003;4.8629622853e-003;7.8283817447e-003;7.2629545535e-003;5.9081588765e-003;
7.7695312500e+000;6.1053765327e-003;3.2583441400e-003;2.4796296861e-003;3.5107919474e-003;3.1214023515e-003;5.1377315519e-003;8.9602352503e-003;8.4215779910e-003;4.3030196740e-003;3.4734630529e-003;2.3821467667e-003;4.4548005159e-003;4.9035938213e-003;2.0484840257e-003;3.8521446929e-003;4.3156146778e-003;4.3179955091e-003;4.0955495930e-003;2.6803960948e-003;3.9617211438e-003;4.0074082910e-003;3.6053354494e-003;4.2596316902e-003;3.7965979988e-003;4.0809321349e-003;2.5914900150e-003;6.8408892659e-003;7.7628202578e-003;4.9774590942e-003;7.2047098585e-003;7.3863178649e-003;5.8306598808e-003;
7.8691406250e+000;5.9996797103e-003;3.0440487694e-003;2.5015423586e-003;3.4774271466e-003;3.0581504082e-003;3.7910339885e-003;8.6397608712e-003;7.7112986600e-003;3.3552785163e-003;3.3665328080e-003;2.5908777452e-003;4.6003994127e-003;4.4084577836e-003;2.1027717471e-003;4.2028864180e-003;2.8737122095e-003;4.4598347089e-003;4.5030614074e-003;2.8039215777e-003;4.1038497424e-003;4.1012513362e-003;3.4860004461e-003;4.1779093119e-003;3.4328766424e-003;4.0446733259e-003;2.5308596399e-003;6.8554286232e-003;5.0903433909e-003;4.7683219285e-003;7.2979984715e-003;7.0321668118e-003;5.8698672185e-003;
7.9687500000e+000;5.9639918326e-003;4.2842604571e-003;2.7200661309e-003;3.3197579761e-003;3.5614151122e-003;4.1411399793e-003;8.8012869856e-003;7.7400749829e-003;3.0106928300e-003;3.4212623550e-003;2.3023514362e-003;4.3027421912e-003;4.4764805503e-003;2.0755210529e-003;4.4140462052e-003;3.3803422250e-003;4.7791728685e-003;4.5462298715e-003;2.8043289947e-003;4.4770022050e-003;3.9622350364e-003;3.5861699998e-003;4.9198261410e-003;3.2794663113e-003;4.3113814617e-003;3.0373300308e-003;6.9132229636e-003;4.9682043028e-003;5.4257398509e-003;6.8392506548e-003;5.5486144990e-003;7.1687463744e-003;
8.0683593750e+000;6.0434546418e-003;7.0633102203e-003;2.7747483359e-003;4.6525681677e-003;3.0677743587e-003;4.5655075656e-003;9.2075076351e-003;7.9539742764e-003;3.0141854718e-003;3.4825610289e-003;2.6138628106e-003;5.6789530680e-003;5.8583758775e-003;2.0994626186e-003;4.4373932554e-003;3.6324988223e-003;8.4029701949e-003;5.1396122344e-003;3.0015024526e-003;4.9389288739e-003;3.7990963969e-003;4.3010396685e-003;6.8848371714e-003;3.0417086223e-003;4.8555711678e-003;6.2892633434e-003;7.1149243496e-003;5.4285777330e-003;5.2013719646e-003;6.9637763852e-003;6.5988078423e-003;8.3330408030e-003;
8.1679687500e+000;6.1726520434e-003;9.5910848688e-003;2.9432283010e-003;6.6289815452e-003;3.1044405005e-003;5.4668819467e-003;8.7972836922e-003;7.7358425138e-003;3.3423506067e-003;3.5887232263e-003;3.1243684819e-003;6.5282754332e-003;6.7565555872e-003;2.6828190551e-003;4.5092831638e-003;4.5445415483e-003;8.8618760194e-003;5.4814084987e-003;3.0108820851e-003;5.1906686243e-003;3.8297217069e-003;5.3265810384e-003;7.5540190917e-003;3.1328293514e-003;4.0227077301e-003;1.0598884835e-002;7.1169419172e-003;4.8878989583e-003;5.4585048468e-003;6.9827925233e-003;7.7097246711e-003;9.4290028009e-003;
8.2675781250e+000;6.3332927856e-003;1.0204293916e-002;2.7822172206e-003;7.1875598841e-003;2.8986202087e-003;6.3882314425e-003;8.5085349457e-003;8.0455797820e-003;2.8222639788e-003;3.7486379434e-003;2.7574869009e-003;7.0697385514e-003;6.4066559443e-003;2.7816970182e-003;4.4742058488e-003;4.8173595104e-003;8.4619791685e-003;6.1339075144e-003;3.1257203368e-003;5.0885943467e-003;3.8762227032e-003;5.0676669545e-003;7.7092129135e-003;3.5088830078e-003;4.2430989088e-003;1.2272555718e-002;7.1442856744e-003;4.2526879002e-003;5.8513676976e-003;7.2491555586e-003;7.3238377795e-003;9.8966342549e-003;
8.3671875000e+000;5.5814361102e-003;1.0085338424e-002;2.8336642150e-003;7.4744115097e-003;2.9910577156e-003;5.7951725063e-003;7.9050344013e-003;8.1920459721e-003;2.6150465004e-003;3.4802115102e-003;3.2389886637e-003;7.1669928919e-003;6.6787536928e-003;3.0572897083e-003;4.6738766353e-003;4.8378527763e-003;8.5022823186e-003;7.6699331080e-003;3.4106624867e-003;5.0467480115e-003;3.8152980712e-003;5.0112189277e-003;7.7873006402e-003;3.8294552237e-003;3.6204265095e-003;1.2514237292e-002;7.9655538562e-003;4.2064387720e-003;6.0011019562e-003;7.3651442656e-003;7.8750600604e-003;9.7647522453e-003;
8.4667968750e+000;5.2260054739e-003;1.0088520404e-002;2.9260845678e-003;7.4036742681e-003;3.0384314503e-003;6.3778532513e-003;7.1411474399e-003;8.0226612741e-003;2.5632158723e-003;3.7969768890e-003;3.4082131358e-003;7.9085603351e-003;6.4448788621e-003;3.9805510056e-003;4.6188885113e-003;4.6811130784e-003;8.2642244744e-003;6.1382277681e-003;2.9281878201e-003;4.6919568845e-003;3.8366797440e-003;5.3462144686e-003;8.5382333599e-003;4.6462699134e-003;3.3452693367e-003;1.2724526910e-002;6.6087383030e-003;4.1999454374e-003;5.8706080470e-003;7.3319461447e-003;7.3372816865e-003;1.0041220057e-002;
8.5664062500e+000;5.1945789011e-003;1.0245765075e-002;3.0184075038e-003;7.3990792719e-003;3.4673817111e-003;5.5049948859e-003;8.5049866316e-003;8.6672838441e-003;2.6534668957e-003;4.1380194501e-003;3.4264030752e-003;7.7242149573e-003;6.5344131122e-003;3.2543189528e-003;5.6038361025e-003;5.0494599949e-003;9.0001087360e-003;7.2554653486e-003;2.8553602743e-003;5.3925935736e-003;3.7955871051e-003;5.4078989044e-003;7.7087524737e-003;3.5666177167e-003;3.2572703850e-003;1.2866511703e-002;6.6264413043e-003;4.8243102122e-003;5.9341162809e-003;7.8358599615e-003;7.4082526493e-003;9.8007182475e-003;
8.6660156250e+000;4.5961725015e-003;1.0346828527e-002;2.9358432171e-003;7.0675822807e-003;3.7010066721e-003;5.4170100135e-003;6.5924724639e-003;7.4626130937e-003;2.6792589101e-003;3.6123512479e-003;3.4800365430e-003;7.0097319664e-003;6.5783975680e-003;3.3643942144e-003;4.4677098733e-003;4.8847854194e-003;8.5553144129e-003;6.0078815439e-003;2.9241146045e-003;4.7198691528e-003;4.1362454063e-003;5.4910817786e-003;7.7872109191e-003;3.5969813544e-003;2.5467348631e-003;1.2556812177e-002;5.8257466728e-003;3.8905669725e-003;5.5325730154e-003;7.0055788303e-003;7.8855911242e-003;9.6790053716e-003;
8.7656250000e+000;4.8275973225e-003;1.2410678394e-002;3.0126435371e-003;7.6591938718e-003;2.9664837850e-003;5.4181970460e-003;1.0793275500e-002;9.1199663499e-003;2.5610189109e-003;4.1069141343e-003;3.4064230008e-003;8.1346516158e-003;6.8893168420e-003;3.5348903322e-003;4.7050775787e-003;5.0366922288e-003;9.5275619362e-003;6.6055066142e-003;2.9798105492e-003;4.9231675850e-003;3.7004045563e-003;5.5790902135e-003;7.9154537882e-003;4.5454754970e-003;2.5002167935e-003;1.3125252964e-002;7.4487040727e-003;8.1544399042e-003;8.5279349015e-003;9.8700626700e-003;7.8820218230e-003;9.9143665768e-003;
8.8652343750e+000;3.4262999784e-003;9.7601200359e-003;2.8886802286e-003;7.5671219528e-003;2.7356074554e-003;5.2104162635e-003;3.5819233905e-003;5.5227021363e-003;2.6805243977e-003;3.7648105735e-003;3.5016879866e-003;6.0068439591e-003;7.2284873685e-003;3.4857609406e-003;4.7405659744e-003;4.8878424668e-003;8.7296278247e-003;4.7714280414e-003;3.1676955490e-003;5.9108102501e-003;4.0637207762e-003;5.4941505907e-003;8.3298196353e-003;3.5700288124e-003;2.5940567307e-003;1.3199223620e-002;2.6524269154e-003;2.4750491836e-003;4.2650333265e-003;3.0768480421e-003;7.1579569930e-003;9.9936896988e-003;
8.9648437500e+000;3.1748574482e-003;9.9514544276e-003;2.9713601397e-003;7.4929438256e-003;2.7327105768e-003;5.1442813898e-003;2.6688668471e-003;5.2645190623e-003;2.7394456530e-003;3.2753338145e-003;3.5353098802e-003;6.1987517859e-003;6.9900484343e-003;3.1806925391e-003;4.5366984096e-003;5.0002262255e-003;8.7668784476e-003;5.4864479070e-003;3.0143176771e-003;5.8510510042e-003;4.0488393375e-003;5.2567340366e-003;8.3247314960e-003;4.3064772708e-003;2.5208931777e-003;1.3282888887e-002;2.7641137268e-003;2.6555705430e-003;4.7183934364e-003;2.7428614672e-003;7.1667766092e-003;1.0543997721e-002;
9.0644531250e+000;3.3081481492e-003;1.0444359338e-002;3.1422705333e-003;7.6964469138e-003;3.3063981241e-003;4.9199874774e-003;2.8729076054e-003;4.9735979829e-003;2.2039289094e-003;2.9845177011e-003;3.4947147385e-003;6.1076118390e-003;7.6461266932e-003;3.3883777737e-003;5.2667512822e-003;5.1606702283e-003;9.5671457369e-003;4.6877758609e-003;2.9804910749e-003;6.1699871348e-003;3.8295079572e-003;5.5377951231e-003;8.1629311349e-003;4.3881877552e-003;2.9725491222e-003;1.3477056007e-002;2.8120981383e-003;2.8147462932e-003;4.8951168709e-003;3.0513889046e-003;7.5234174554e-003;1.0262110445e-002;
9.1640625000e+000;3.3589189777e-003;1.0396746854e-002;3.6450378477e-003;8.1144003382e-003;3.2950681845e-003;5.2734383765e-003;3.2352284592e-003;4.7004210332e-003;2.3787240063e-003;2.8431408433e-003;3.9216363096e-003;6.2861719109e-003;7.6310032937e-003;3.3772387757e-003;4.5751428600e-003;5.1741603973e-003;9.5070513591e-003;5.1413913825e-003;3.1174143204e-003;6.3979560420e-003;3.8882701750e-003;5.4319470476e-003;7.9681500170e-003;4.7240380465e-003;2.6204524302e-003;1.3618819670e-002;3.1599049524e-003;3.0269035017e-003;4.8213251729e-003;2.8118047587e-003;7.4673067684e-003;1.0194382858e-002;
9.2636718750e+000;3.3780901095e-003;1.0490155287e-002;3.3041975577e-003;8.2341601773e-003;3.3400573062e-003;4.7619964563e-003;3.4281978171e-003;4.8209044560e-003;2.7695834678e-003;3.1066390614e-003;3.7248255661e-003;6.2931847934e-003;7.7118447362e-003;3.4747863680e-003;4.5488393447e-003;5.3389165445e-003;9.5883925794e-003;4.6937286172e-003;2.7756097550e-003;6.2574668256e-003;4.4183146586e-003;5.6061855974e-003;8.4416601827e-003;4.8255717022e-003;2.9149020230e-003;1.3563006427e-002;2.4437644941e-003;3.0523173980e-003;4.9582351848e-003;2.6408584635e-003;5.7328494390e-003;1.0323509286e-002;
9.3632812500e+000;3.2178366372e-003;1.0331202990e-002;3.5265213024e-003;8.3799940461e-003;3.0685255490e-003;5.1090390928e-003;3.5501261868e-003;4.6850869154e-003;2.7731748915e-003;2.9583667000e-003;3.1055080218e-003;6.0617370486e-003;7.8995191720e-003;3.5350166510e-003;4.4427836393e-003;5.2801614674e-003;9.5943693770e-003;4.9047742869e-003;2.9882768784e-003;6.4843770892e-003;3.7245104424e-003;5.6620502733e-003;8.4602418260e-003;4.4222984858e-003;2.9058861783e-003;1.3547071413e-002;2.6243314243e-003;2.6648980218e-003;4.9363453005e-003;2.6272995941e-003;6.0008864216e-003;1.0166335262e-002;
9.4628906250e+000;3.2072813874e-003;1.0436785225e-002;3.6548834349e-003;8.3383946743e-003;3.1245053843e-003;4.6699329866e-003;3.4582725795e-003;4.5943621863e-003;2.7175992540e-003;3.0174545122e-003;3.3205412592e-003;6.4932680118e-003;8.6150477403e-003;3.6969495161e-003;4.8390605351e-003;5.5451681384e-003;9.5923312762e-003;4.8008289172e-003;3.0149415285e-003;6.5562289619e-003;3.4935139570e-003;4.9719170447e-003;7.5196830771e-003;4.1654722079e-003;2.6395638807e-003;1.3416706270e-002;2.3194630956e-003;2.5304140309e-003;4.5765173233e-003;2.8367020787e-003;6.2977757385e-003;1.0516136949e-002;
9.5625000000e+000;3.1987981443e-003;1.0215718815e-002;3.9450164079e-003;8.6412990041e-003;3.0972064213e-003;5.0169300331e-003;3.4341284403e-003;4.5163052099e-003;2.8662003574e-003;2.9802465371e-003;3.0155030042e-003;5.9133107861e-003;7.5330301421e-003;3.6639311622e-003;4.2000272539e-003;5.2186984130e-003;1.1054546629e-002;4.8049695441e-003;3.0203913186e-003;6.4358862582e-003;3.1661413744e-003;5.0463342282e-003;6.9380396912e-003;4.2871972870e-003;2.5486823178e-003;1.4227446219e-002;2.3015645344e-003;2.3563253725e-003;4.4000266849e-003;3.0761245860e-003;6.1543861053e-003;1.0127633001e-002;
9.6621093750e+000;3.2589248515e-003;9.5698599785e-003;4.0357351287e-003;8.2390836903e-003;3.0298442992e-003;4.9174050097e-003;3.9528992596e-003;4.0854966754e-003;2.8612708596e-003;2.8105686053e-003;2.8591726515e-003;5.8441323845e-003;6.8845802051e-003;3.9976209782e-003;4.2513592745e-003;5.4030161438e-003;9.3323729583e-003;4.9740881869e-003;2.6727550526e-003;5.7891061444e-003;4.3052229444e-003;5.0542148114e-003;6.5524010654e-003;3.9093509772e-003;2.6770205681e-003;1.2959776568e-002;1.6304526231e-003;2.5026876737e-003;4.3406419865e-003;3.4317768456e-003;6.0583206107e-003;1.0074359075e-002;
9.7617187500e+000;3.1506627724e-003;9.8679195406e-003;3.7178126606e-003;8.1565539321e-003;3.0681285538e-003;4.9956446618e-003;3.9903106141e-003;2.7711931718e-003;2.9134877393e-003;3.1864320335e-003;2.8114388654e-003;5.9298403949e-003;6.4443057304e-003;3.8760308377e-003;4.1079019837e-003;4.6348794819e-003;8.0504941860e-003;4.7173006749e-003;2.8176448168e-003;5.8118230921e-003;3.0131404385e-003;5.1431882986e-003;6.3705147744e-003;3.6477811626e-003;2.8913196638e-003;1.2720150555e-002;2.1172103985e-003;2.4147057320e-003;4.4189448094e-003;3.4082718602e-003;6.2385436359e-003;9.9927578519e-003;
9.8613281250e+000;2.9662112948e-003;1.0369109613e-002;3.2168174035e-003;8.6403562552e-003;3.2563592904e-003;5.5094799677e-003;3.3611815438e-003;2.8652317858e-003;3.0401042771e-003;3.2895106583e-003;2.8767884263e-003;6.5048782424e-003;6.3039031304e-003;4.5918098990e-003;4.0069697501e-003;4.0904690089e-003;8.4552912906e-003;4.7298933000e-003;3.3791785863e-003;6.6787607072e-003;3.1990752136e-003;5.4575144803e-003;6.0779710915e-003;3.5538780921e-003;3.4052153992e-003;1.2637140231e-002;1.8525953479e-003;2.5053129526e-003;4.3147088487e-003;3.9749102837e-003;6.1803770518e-003;9.9205696161e-003;
9.9609375000e+000;2.6456043363e-003;1.0892364182e-002;3.0272868458e-003;8.2972542945e-003;3.4464400786e-003;6.4729817374e-003;3.6477828057e-003;2.9556938302e-003;3.0228939026e-003;3.5905862440e-003;3.0907595061e-003;6.0352349499e-003;6.5646339144e-003;4.3319182483e-003;3.8410798363e-003;4.0512480342e-003;8.2970130921e-003;5.0495705008e-003;4.3106844966e-003;6.9010699462e-003;3.2431259077e-003;5.4302281805e-003;6.0319364174e-003;3.7725105193e-003;3.1869218290e-003;1.2722678936e-002;2.1449069605e-003;1.6473494228e-003;5.1872597070e-003;3.4132160921e-003;6.2016426962e-003;1.0508001569e-002;
1.0060546875e+001;2.7122098834e-003;1.0438829421e-002;3.8039242413e-003;8.8356009128e-003;3.5154744330e-003;7.0106356916e-003;3.7352375888e-003;3.3271259413e-003;3.0005646541e-003;4.0745702845e-003;2.9284482170e-003;6.1362154442e-003;6.9998110232e-003;4.5449308656e-003;3.8350840902e-003;4.0560477489e-003;8.0459686066e-003;4.7675831088e-003;4.6811944661e-003;6.8750039907e-003;3.6410832050e-003;5.6694518534e-003;6.2709189168e-003;3.8117337862e-003;3.2539476632e-003;1.3091901314e-002;2.2461975359e-003;1.9111345145e-003;4.1143888163e-003;3.5372840642e-003;6.9539682730e-003;8.6219651401e-003;
1.0160156250e+001;2.8218718189e-003;1.2188102287e-002;6.9377174535e-003;8.6020270580e-003;3.7007879706e-003;6.8599063643e-003;4.3250771383e-003;2.8354222166e-003;3.1068643811e-003;5.5071271756e-003;4.3121148995e-003;6.1334495947e-003;6.6431877596e-003;4.4405848912e-003;4.1428557740e-003;4.1211233106e-003;8.7471975529e-003;5.2067412869e-003;4.5378118508e-003;7.2350803025e-003;3.1805333516e-003;8.2821004864e-003;5.8366379099e-003;5.9147822759e-003;3.4084381529e-003;1.6822532153e-002;2.3493004175e-003;2.5988581899e-003;5.1732345679e-003;4.4536137198e-003;7.5580963634e-003;9.0904511401e-003;
1.0259765625e+001;2.8974704950e-003;1.5152626931e-002;1.1378969196e-002;9.5140024509e-003;4.0800838758e-003;7.2627634764e-003;4.8559675548e-003;3.2289434431e-003;3.4807647643e-003;6.9901011264e-003;2.8026672126e-003;6.2400320948e-003;6.8652286476e-003;4.4484212258e-003;4.3922430325e-003;4.7380185539e-003;9.6879222213e-003;5.2702217049e-003;4.3841892056e-003;7.3696867699e-003;2.9827584626e-003;8.8687756271e-003;6.1244686942e-003;8.6063583472e-003;3.5934340830e-003;2.1370514738e-002;2.4527496965e-003;3.7796859285e-003;6.7837719592e-003;5.2939697068e-003;7.9331937836e-003;8.7869000613e-003;
1.0359375000e+001;3.1842952019e-003;1.5900232958e-002;1.2151773078e-002;1.0138513261e-002;4.3764280243e-003;7.3370851792e-003;5.6262673856e-003;3.1999476968e-003;2.2078781339e-003;7.9593008473e-003;3.4739432025e-003;6.0298017572e-003;7.1651207236e-003;3.9965839149e-003;4.0152221285e-003;5.5857321058e-003;9.6173397883e-003;6.4529172156e-003;4.3807897906e-003;7.6686274457e-003;2.9658655551e-003;8.7412897928e-003;6.3700995966e-003;9.8499124002e-003;3.3872480489e-003;2.2326046280e-002;2.4017443397e-003;4.0761259804e-003;7.5061801978e-003;4.9216210350e-003;8.1160254960e-003;8.7371927584e-003;
1.0458984375e+001;3.7767941723e-003;1.7157989360e-002;1.2245901123e-002;9.6478778071e-003;4.1380882605e-003;7.7735380849e-003;5.2404268111e-003;3.2628576030e-003;2.1203648213e-003;7.2289992845e-003;3.5405163426e-003;6.1747679606e-003;7.0634780130e-003;4.2271551974e-003;3.9784332468e-003;5.2840076375e-003;1.0096596070e-002;4.7974398004e-003;4.3129751098e-003;7.6539765782e-003;3.0065498788e-003;9.0079978707e-003;6.5263794049e-003;1.0702008743e-002;3.2435556361e-003;2.2287309023e-002;2.5221114990e-003;4.0867427086e-003;7.4794601202e-003;4.9938771377e-003;8.1014628814e-003;9.1246085823e-003;
1.0558593750e+001;3.3450967495e-003;1.5876282660e-002;1.3560109294e-002;9.1870553120e-003;4.0366727193e-003;6.9713704263e-003;5.7265045907e-003;3.2933575280e-003;2.4019615777e-003;7.6143181550e-003;3.3544481941e-003;6.4936300302e-003;6.7159558686e-003;4.0652461632e-003;3.1899603157e-003;5.1616957643e-003;9.5612934317e-003;4.1193836173e-003;4.6020821572e-003;7.2639928853e-003;2.6969164291e-003;9.3450967053e-003;6.6386118202e-003;1.0538971880e-002;3.0869460208e-003;2.2087881361e-002;2.6466604209e-003;3.8753598658e-003;7.2870873194e-003;5.4220095466e-003;9.7081764473e-003;9.9734369270e-003;
1.0658203125e+001;2.6189874877e-003;1.5474088606e-002;1.3251567598e-002;9.5061995155e-003;3.9634535817e-003;6.8476525644e-003;5.1720337952e-003;3.3078326639e-003;2.3639026118e-003;7.2429078293e-003;3.2786483067e-003;6.8085924162e-003;6.5520241568e-003;3.9294437612e-003;3.3095004425e-003;5.4442097239e-003;9.7079295567e-003;3.2757135903e-003;4.6547613493e-003;7.3251094499e-003;2.8011113343e-003;9.3154476287e-003;6.5740884261e-003;1.0455618174e-002;3.0439535025e-003;2.1961448802e-002;2.5283755439e-003;3.9229381279e-003;7.0035147467e-003;5.5974591788e-003;9.4014377306e-003;9.7657782804e-003;
1.0757812500e+001;2.6913441124e-003;1.3886476223e-002;1.3163458039e-002;9.1504931709e-003;4.0946487133e-003;7.0209207238e-003;5.2552350346e-003;3.2306706434e-003;2.3784478943e-003;7.4399806723e-003;3.2112058143e-003;4.8236644660e-003;6.2391164201e-003;4.2424961830e-003;2.9415917262e-003;5.2432157879e-003;8.5087344293e-003;3.6819334416e-003;5.1036911465e-003;6.8213844367e-003;2.6654516552e-003;8.2719189985e-003;5.0356063504e-003;1.0449307136e-002;3.4337212689e-003;2.0538561947e-002;2.4958698445e-003;4.1161974773e-003;6.7193747600e-003;6.0871488970e-003;1.0184007407e-002;8.5902910886e-003;
1.0857421875e+001;3.2618738068e-003;1.1698732973e-002;1.3676021581e-002;7.8532907447e-003;4.0445520972e-003;5.3287712053e-003;5.5676059266e-003;3.2968069417e-003;2.6928857329e-003;8.1343376864e-003;3.0698183973e-003;4.3020135007e-003;5.0550639285e-003;4.1100460923e-003;2.7817821791e-003;5.3685020440e-003;7.2013580118e-003;3.7319489219e-003;5.2296219985e-003;6.7652664281e-003;2.8597442256e-003;8.3645209365e-003;4.4001689441e-003;1.0339280043e-002;3.3926695523e-003;1.8299477831e-002;2.5871721486e-003;4.4172259161e-003;6.6274729494e-003;6.1823854416e-003;8.4417258525e-003;7.0868029683e-003;
1.0957031250e+001;2.7370663162e-003;8.9963868568e-003;1.2881947967e-002;4.9244924447e-003;4.1790374690e-003;4.4263992179e-003;5.9334612910e-003;3.1344575884e-003;2.7938863846e-003;6.9020697151e-003;3.4934789724e-003;3.0522057983e-003;3.9817525863e-003;4.2042345040e-003;2.9290369063e-003;4.2908021615e-003;5.3947517474e-003;2.4078670063e-003;5.3100476875e-003;6.5163898478e-003;3.6280069483e-003;7.5832081915e-003;2.5980481944e-003;1.0991871467e-002;3.6908680344e-003;1.2648218336e-002;2.7025452581e-003;4.6627944586e-003;5.8287962744e-003;5.9727493897e-003;7.2913767292e-003;5.9810136379e-003;
1.1056640625e+001;2.8363212379e-003;9.1056914689e-003;1.2862527551e-002;5.2946561180e-003;4.5569602085e-003;4.3811023696e-003;7.5613138211e-003;3.4993943036e-003;3.1667974881e-003;7.5506736966e-003;3.0372585301e-003;2.7827345075e-003;4.3018239285e-003;4.4315054102e-003;2.8633231877e-003;4.8769452772e-003;5.7483155894e-003;2.3316857557e-003;5.4877337214e-003;7.5739685239e-003;3.1819849169e-003;6.4615000275e-003;2.6432846523e-003;9.9288577082e-003;3.6464826329e-003;1.2288228600e-002;2.6828914424e-003;3.9735695587e-003;5.8534232849e-003;5.5643445219e-003;5.8221343111e-003;6.1314524690e-003;
1.1156250000e+001;2.7292755945e-003;9.2853096418e-003;1.3304184975e-002;4.9397013810e-003;3.9178648606e-003;4.2675671863e-003;5.7342770494e-003;3.6944929244e-003;2.9267765986e-003;7.7955143592e-003;3.2253406213e-003;2.5514454418e-003;4.2616058672e-003;4.6938339125e-003;2.9388275044e-003;4.8295913117e-003;5.7792078980e-003;2.6329093001e-003;5.2093743636e-003;7.4925870569e-003;2.9907601304e-003;6.5218014958e-003;2.7677249231e-003;9.5596991761e-003;3.8930756738e-003;1.2189323948e-002;2.6964641037e-003;4.0736584950e-003;5.8931044047e-003;5.4125798522e-003;5.6509255291e-003;5.7338043887e-003;
1.1255859375e+001;2.8396828006e-003;9.4079096004e-003;1.2892810241e-002;4.8988853167e-003;3.8355751062e-003;4.2741907484e-003;5.8455046909e-003;3.3760456054e-003;2.8266529729e-003;8.1668955125e-003;2.9716514352e-003;2.4648627070e-003;4.6003454142e-003;4.3267530997e-003;3.0982865271e-003;4.6694367390e-003;5.7890002499e-003;2.3969950267e-003;5.2193900614e-003;6.9776202318e-003;3.0379257538e-003;6.3686878088e-003;2.6802831846e-003;9.9772351653e-003;3.5844739758e-003;1.2223218056e-002;2.7571362129e-003;4.1216591939e-003;5.6501712527e-003;5.4315191530e-003;5.6476952050e-003;5.5166306167e-003;
1.1355468750e+001;2.5753226813e-003;9.3888834144e-003;1.2750058163e-002;5.0835499644e-003;3.6303755202e-003;4.2991419058e-003;5.8938803250e-003;4.8877932800e-003;2.8414142498e-003;7.4623387597e-003;3.1330929052e-003;2.6777868608e-003;4.4621087142e-003;4.0281841093e-003;2.8728529733e-003;4.2728866805e-003;5.5677273271e-003;2.0091448784e-003;5.4703132349e-003;7.0259279043e-003;2.9313666346e-003;6.3512700606e-003;2.6869574110e-003;9.5446933970e-003;3.6042379014e-003;1.2369200347e-002;2.8313477885e-003;4.3327753890e-003;5.4924380040e-003;5.3773396998e-003;6.6008985528e-003;5.5893131996e-003;
1.1455078125e+001;2.5534001865e-003;9.0945326765e-003;1.3090514359e-002;5.1158239411e-003;3.4520833422e-003;4.2221750279e-003;6.0854141635e-003;4.9914184847e-003;2.8352726192e-003;7.2329735083e-003;3.1624166171e-003;2.3348930606e-003;4.4910860718e-003;4.0352546224e-003;2.8746010502e-003;4.1435793553e-003;4.8465405677e-003;2.2965662125e-003;5.1960342878e-003;7.4391103759e-003;2.7140814176e-003;6.4134938236e-003;3.1543710953e-003;9.5264212678e-003;3.8052353132e-003;1.2119528097e-002;2.6171407951e-003;4.6238363046e-003;5.8346122766e-003;5.2773688437e-003;5.9150238673e-003;6.0650069566e-003;
1.1554687500e+001;2.7366164076e-003;9.1708942823e-003;1.3205620350e-002;4.7205342354e-003;3.4172297743e-003;3.9748044000e-003;5.9001808884e-003;5.0562747043e-003;3.1610165152e-003;7.2224113183e-003;2.8837379331e-003;2.4008886750e-003;4.4182393468e-003;4.2964142960e-003;2.8161310787e-003;4.2241488225e-003;4.9467279414e-003;2.8257751443e-003;5.2715007070e-003;6.7550393890e-003;2.7933940471e-003;6.3858809829e-003;3.4160575423e-003;9.4929051413e-003;3.9653757761e-003;1.2492726925e-002;2.7125247414e-003;4.6508541121e-003;5.7592633850e-003;6.0733032259e-003;6.0507021193e-003;5.7322270915e-003;
1.1654296875e+001;3.0280741233e-003;9.0473263236e-003;1.3328684364e-002;4.8372447681e-003;3.5758104293e-003;3.9321158413e-003;5.9755020688e-003;5.0413948299e-003;3.0508135181e-003;7.2301126039e-003;2.9779752540e-003;2.5720672613e-003;4.3017683336e-003;4.4755858030e-003;2.2999190114e-003;4.4845012131e-003;5.6812594854e-003;2.5287446084e-003;5.3663041543e-003;6.1359279292e-003;4.0608222090e-003;6.4724789966e-003;2.7466460577e-003;9.1957814237e-003;3.9457659947e-003;1.2248093211e-002;2.5932109151e-003;4.4326982051e-003;5.5688975938e-003;5.3333703439e-003;5.6585592885e-003;4.7622810365e-003;
1.1753906250e+001;2.9545650983e-003;9.3818946977e-003;1.3243263120e-002;5.3431952408e-003;3.3046104198e-003;4.0157781395e-003;5.9277552937e-003;4.8540780650e-003;2.9960874304e-003;7.5559362193e-003;3.2216705312e-003;2.4372919531e-003;4.2584149742e-003;4.9461757600e-003;2.6203009792e-003;3.9434218806e-003;4.7018423372e-003;3.9147933917e-003;5.4195407287e-003;6.4022951440e-003;3.3665622424e-003;6.1678730653e-003;2.7895985629e-003;9.0315999065e-003;4.4935593907e-003;1.2754000918e-002;2.6188434355e-003;5.2306381015e-003;5.0942625629e-003;5.5958341387e-003;6.0864412443e-003;5.4300547816e-003;
1.1853515625e+001;2.9777016738e-003;9.0690590919e-003;1.3314147606e-002;5.7892424167e-003;3.0116537462e-003;4.0764008348e-003;5.5095458760e-003;4.6041755301e-003;2.5246247132e-003;7.7883420067e-003;2.8680579501e-003;2.5255586631e-003;4.1501544660e-003;4.9655280642e-003;3.0412385712e-003;3.7763743500e-003;4.1728667198e-003;4.2535172129e-003;5.4845132195e-003;5.2923393108e-003;3.6809764739e-003;6.1081090864e-003;3.0596499337e-003;9.0076940743e-003;4.5582780540e-003;1.2581624817e-002;2.7233775379e-003;4.4807201765e-003;4.9829202956e-003;5.5416630548e-003;6.1984876068e-003;4.4290429911e-003;
